{
    "0": {
        "alpha_u": 1419.5687149581986,
        "alpha_v": 1426.069260032957,
        "c_x": 971.3899040192566,
        "c_y": 544.3140829492131,
        "distCoeff": [
            -0.5017436860575171,
            0.3521077616758565,
            -0.0023180410093153274,
            0.004594939577621593,
            -0.16512240691560218
        ],
        "Homography_3D_to_img": [
            [
                755.6883245170883,
                231.46676029004783,
                63.0205753507939
            ],
            [
                89.65989308144201,
                -217.2057338593938,
                2353.8185649536404
            ],
            [
                0.06509479652937654,
                0.26513947341357136,
                1.0
            ]
        ],
        "camera_to_plane_3D_transform": [
            [
                0.9882671223630523,
                0.07704077556210263,
                0.13188181738602828,
                0.935664025559488
            ],
            [
                -0.04270252375975607,
                -0.6896618835698771,
                0.7228713445803455,
                0.29016612369894434
            ],
            [
                0.14664443160515658,
                -0.7200216699875351,
                -0.6782803295301741,
                3.916314707907262
            ],
            [
                0.0,
                0.0,
                0.0,
                1.0
            ]
        ],
        "plane_to_camera_3D_transform": [
            [
                0.9882671223630523,
                -0.04270252375975607,
                0.14664443160515658,
                -1.4866009125747492
            ],
            [
                0.07704077556210263,
                -0.6896618835698771,
                -0.7200216699875351,
                2.9478636894078543
            ],
            [
                0.13188181738602828,
                0.7228713445803455,
                -0.6782803295301741,
                2.32320938247977
            ],
            [
                0.0,
                0.0,
                0.0,
                1.0
            ]
        ]
    }
}