{
    "0": {
        "alpha_u": 2069.516818305147,
        "alpha_v": 2073.693847941848,
        "c_x": 932.1769051314755,
        "c_y": 582.0582849476801,
        "distCoeff": [
            -0.892430022347263,
            1.1634443652411748,
            -0.019440488306293514,
            0.016679090907114634,
            -1.2743387532860775
        ]
    },
    "1": {
        "alpha_u": 1563.5576514105146,
        "alpha_v": 1567.4654190363485,
        "c_x": 883.5562451094421,
        "c_y": 543.0791306428165,
        "distCoeff": [
            -0.5545482057993112,
            0.5281602194825624,
            -0.0023324945648320774,
            0.02604194017918088,
            -0.28031414230621277
        ]
    }
}