{
    "cam1": {
        "alpha_u": 1367.3383355613041,
        "alpha_v": 1365.2550024846255,
        "c_x": 1004.9838323801828,
        "c_y": 541.5490949561511,
        "distCoeff": [
            -0.4522923188727217,
            0.20266987257495336,
            0.0036682269845036194,
            -0.002592324241984212,
            0.20908946425514724
        ]
    },
    "cam2": {
        "alpha_u": 1340.0788022608988,
        "alpha_v": 1343.243931999519,
        "c_x": 1014.7536020811593,
        "c_y": 557.6064276577615,
        "distCoeff": [
            -0.4896712804947406,
            0.6755840647063569,
            -0.0035120849448274467,
            -0.0023800323120846873,
            -1.0082518805978604
        ]
    },
    "cam3": {
        "alpha_u": 1454.5681199991134,
        "alpha_v": 1389.1865081973351,
        "c_x": 946.4248810483693,
        "c_y": 396.76403139763994,
        "distCoeff": [
            -0.40775234494740037,
            -0.4730089066303969,
            0.050729225965929,
            -0.0006352618094627482,
            1.1356122757807692
        ]
    }
}