{
    "cam1": {
        "alpha_u": 933.38537489,
        "alpha_v": 933.08605844,
        "c_x": 642.8541392,
        "c_y": 367.24814261,
        "distCoeff": [
            -0.14454454,
            0.48699891,
            0.0013472,
            0.00407075,
            -0.54467429
        ],
        "roll": 26.447753366479937,
        "yaw": 3.9954197690590427,
        "pitch": -33.662268968920834
    }
}
