{
    "0": {
        "alpha_u": 2069.516818305147,
        "alpha_v": 2073.693847941848,
        "c_x": 932.1769051314755,
        "c_y": 582.0582849476801,
        "distCoeff": [
            -0.892430022347263,
            1.1634443652411748,
            -0.019440488306293514,
            0.016679090907114634,
            -1.2743387532860775
        ],
        "Homography_3D_to_img": [
            [
                933.0335469397696,
                187.20672632950956,
                -316.9320909901897
            ],
            [
                107.88638449172234,
                -328.742247135867,
                3580.9358075047726
            ],
            [
                0.15601179692135306,
                0.2231277862625639,
                1.0
            ]
        ],
        "Homography_img_to_3D": [
            [
                0.0011371621203313503,
                0.0002600760294530572,
                -0.5709123979506657
            ],
            [
                -0.00045454463219032676,
                -0.0009906796827144498,
                3.4035005688711926
            ],
            [
                -7.598916824563094e-05,
                0.00018047323580823216,
                0.3296535216133558
            ]
        ],
        "camera_to_plane_3D_transform": [
            [
                0.9250863393943966,
                0.020019216838789818,
                0.37922881697339006,
                0.4138807176077687
            ],
            [
                -0.24697923405522204,
                -0.7268526242858084,
                0.6408482819781366,
                0.7199005096100504
            ],
            [
                0.28847274153959734,
                -0.6865016340300983,
                -0.6674571026385395,
                5.055320184162318
            ],
            [
                0.0,
                0.0,
                0.0,
                1.0
            ]
        ],
        "plane_to_camera_3D_transform": [
            [
                0.9250863393943966,
                -0.24697923405522204,
                0.28847274153959734,
                -1.6633969944240083
            ],
            [
                0.020019216838789818,
                -0.7268526242858084,
                -0.6865016340300983,
                3.9854615737763406
            ],
            [
                0.37922881697339006,
                0.6408482819781366,
                -0.6674571026385395,
                2.755906863345831
            ],
            [
                0.0,
                0.0,
                0.0,
                1.0
            ]
        ]
    },
    "1": {
        "alpha_u": 1563.5576514105146,
        "alpha_v": 1567.4654190363485,
        "c_x": 883.5562451094421,
        "c_y": 543.0791306428165,
        "distCoeff": [
            -0.5545482057993112,
            0.5281602194825624,
            -0.0023324945648320774,
            0.02604194017918088,
            -0.28031414230621277
        ],
        "Homography_3D_to_img": [
            [
                -234.72883668272868,
                358.6128741103231,
                598.0000000000001
            ],
            [
                -152.54626751431013,
                -74.39650705636576,
                902.0
            ],
            [
                -0.32926023412671984,
                -0.07132694461191494,
                1.0
            ]
        ],
        "Homography_img_to_3D": [
            [
                0.00017470368481466554,
                0.006968735872051653,
                -6.3902725601097625
            ],
            [
                0.0025085810463950373,
                0.0006570093216748933,
                -2.0927538738949867
            ],
            [
                0.00023645239751559597,
                0.0023413900722956153,
                -1.2533323789249715
            ]
        ],
        "camera_to_plane_3D_transform": [
            [
                0.10836462436670462,
                0.05053176827766088,
                -0.9928260918109455,
                3.274053276978964
            ],
            [
                0.9890648138950074,
                -0.10598234427917935,
                0.10255991719928309,
                0.3347274212842838
            ],
            [
                -0.1000395027011695,
                -0.993083220629481,
                -0.06146393091464634,
                0.8850046525497984
            ],
            [
                0.0,
                0.0,
                0.0,
                1.0
            ]
        ],
        "plane_to_camera_3D_transform": [
            [
                0.10836462436670462,
                0.9890648138950074,
                -0.1000395027011695,
                -0.5973232428251967
            ],
            [
                0.05053176827766088,
                -0.10598234427917935,
                -0.993083220629481,
                0.7489147659074442
            ],
            [
                -0.9928260918109455,
                0.10255991719928309,
                -0.06146393091464634,
                3.270631767576059
            ],
            [
                0.0,
                0.0,
                0.0,
                1.0
            ]
        ]
    }
}